{"GVRate_HousingPrice": {"pop0_gvi0_": {"r2": 0.15693855452344085, "a1": -3.2881357322521816e-09, "b": 0.0026299920920910334}, "pop0_gvi0_z3_": {"r2": 0.17701741650888503, "a1": -0.0005685785254357925, "b": 0.4004063389153338}, "norm_pop0_gvi0_z3_": {"r2": 0.21223960281950138, "a1": -0.514875086248612, "b": 0.3843947537425645}, "denorm_pop0_gvi0_z3_": {"r2": 0.0462505007953149, "a1": -0.16201659260874646, "b": 0.13056897381256072}, "denorm_pop0_gvi3_z3_": {"r2": 0.21223960281950138, "a1": -0.514875086248612, "b": 0.3843947537425645}, "denorm_pop1000_gvi0_z3_": {"r2": 0.05259528956976589, "a1": -0.22329992594157796, "b": 0.2069872757061209}, "denorm_pop100000_gvi0_z3_": {"r2": 0.2122396028195015, "a1": -0.514875086248612, "b": 0.3843947537425645}, "pop100000_gvi0_z3_": {"r2": 0.21223960281950127, "a1": -3.4211844285509186e-09, "b": 0.0024374327245755404}, "pop1000000_gvi0_z3_": {"r2": 0.2821305093505361, "a1": -3.032371748136883e-09, "b": 0.0022110603894495012}}, "GVRate_LogHousingPrice": {"pop100000_gvi0_z3_": {"r2": 0.2814771418402493, "a1": -0.002596573573406653, "b": 0.015422419169801126}, "denorm_pop100000_gvi0_z3_": {"r2": 0.2814771418402494, "a1": -0.6507189121431918, "b": 0.5439211200133596}, "norm_pop100000_gvi0_z3_": {"r2": 0.2814771418402494, "a1": -0.6507189121431918, "b": 0.5439211200133596}, "pop0_gvi0_z3_": {"r2": 0.05395966757423776, "a1": -0.3901572251150135, "b": 2.3792778294753716}}, "GVRate_PopDensity": {"denorm_pop100000_gvi0_z3_": {"r2": 0.0016480042525574001, "a1": -0.046321131896654134, "b": 0.23930069237084675}, "denorm_pop0_gvi0_z3_": {"r2": 0.055862132849613166, "a1": -0.16903905112010936, "b": 0.12440274752531197}, "pop0_gvi0_z3_": {"r2": 0.030295008841736637, "a1": -0.0018279136700524046, "b": 0.2892657872327601}, "pop100000_gvi0_z3_": {"r2": 0.0016480042525575112, "a1": -5.137440088687987e-09, "b": 0.00034888375701219785}}}